title,price,rating,reviews,availability
"Apple 2024 MacBook Air 13-inch Laptop with M3 chip: 13.6-inch Liquid Retina Display, 8GB Unified Memory, 256GB SSD Storage, Backlit Keyboard, 1080p FaceTime HD Camera, Touch ID; Space Gray",$979.11,4.4 out of 5 stars,58 ratings,Only 4 left in stock - order soon.
"Apple 2022 MacBook Air Laptop with M2 chip: 13.6-inch Liquid Retina Display, 8GB RAM, 256GB SSD Storage, Backlit Keyboard, 1080p FaceTime HD Camera. Works with iPhone and iPad; Silver",$806.88,4.4 out of 5 stars,"2,445 ratings",Only 4 left in stock - order soon.
"Apple 2024 MacBook Air 15-inch Laptop with M3 chip: 15.3-inch Liquid Retina Display, 8GB Unified Memory, 256GB SSD Storage, Backlit Keyboard, 1080p FaceTime HD Camera, Touch ID; Silver","$1,200.37",4.5 out of 5 stars,48 ratings,Only 1 left in stock - order soon.
"Apple 2017 Macbook Air with 1.8GHz Intel Core i5 (13-inch, 8GB RAM, 128GB SSD Storage) (QWERTY English) Silver (Renewed)",$234.00,4.1 out of 5 stars,493 ratings,In Stock
"Apple 2023 MacBook Pro Laptop M3 Pro chip with 12‑core CPU, 18‑core GPU: 14.2-inch Liquid Retina XDR Display, 18GB Unified Memory, 1TB SSD Storage. Works with iPhone/iPad; Silver","$2,023.08",4.7 out of 5 stars,230 ratings,Only 3 left in stock - order soon.
"Apple 13.3 inches MacBook Air Retina display, 1.6GHz dual-core Intel Core i5, 256GB - Space Gray (Renewed)",$399.00,4.1 out of 5 stars,"2,363 ratings",In Stock
"Apple 2022 13"" MacBook Air M2, 16GB RAM, 256GB Storage - Midnight (Z160000AU)","$1,198.55",4.8 out of 5 stars,69 ratings,In Stock
"Apple MacBook Air with Intel Core i5, 1.6GHz, (13-inch, 4GB,128GB SSD) - Silver (Renewed)",$206.00,4.2 out of 5 stars,"2,080 ratings",In Stock
"Apple Late 2019 MacBook Pro with 2.6GHz Intel Core i7 (16-Inch, 16GB RAM, 512GB Storage) - Silver (Renewed)",$619.00,4.2 out of 5 stars,124 ratings,Only 1 left in stock - order soon.
"Apple 2023 MacBook Pro Laptop M3 Max chip with 14‑core CPU, 30‑core GPU: 16.2-inch Liquid Retina XDR Display, 36GB Unified Memory, 1TB SSD Storage. Works with iPhone/iPad; Silver","$3,097.25",4.6 out of 5 stars,142 ratings,Only 1 left in stock - order soon.
"Apple 2023 MacBook Air Laptop with M2 chip: 15.3-inch Liquid Retina Display, 16GB Unified Memory, 512GB SSD Storage, 1080p FaceTime HD Camera, Touch ID. Works with iPhone/iPad; Midnight","$1,406.77",4.7 out of 5 stars,87 ratings,Only 6 left in stock - order soon.
"Apple 2018 MacBook Pro with 2.2GHz Intel Core i7 (15-inch, 16GB RAM, 256GB SSD Storage) Silver (Renewed)",$509.00,4.1 out of 5 stars,644 ratings,Only 16 left in stock - order soon.
"Apple 2023 MacBook Pro Laptop M2 Pro chip with 12‑core CPU and 19‑core GPU: 16.2-inch Liquid Retina XDR Display, 16GB Unified Memory, 512GB SSD Storage. Works with iPhone/iPad; Silver","$1,998.99",4.7 out of 5 stars,357 ratings,In Stock
"HP Newest 15.6"" FHD Essential Business Laptop, Intel Core i5-1135G7 Processor, 32GB RAM, 1TB Storage, Intel Iris Xe Graphics, SD Card Reader, HDMI, Ethernet, Webcam, USB-C, Windows 11 Pro",$599.00,3.9 out of 5 stars,6 ratings,Only 3 left in stock - order soon.
"HP 15.6"" Laptop Computer with 1-Year Microsoft Office 365, Full HD Display Laptop 16GB RAM, 1TB SSD, Intel Core i3-1215U Hexa-Core Processor, Fingerprint Reader, NLY Earphones, Windows 11 Home",$449.99,4.3 out of 5 stars,63 ratings,Only 20 left in stock - order soon.
"HP 17 Business Laptop, 17.3” HD+ Display, 11th Gen Intel Core i3-1125G4 Processor, 32GB RAM, 1TB SSD, Wi-Fi, HDMI, Webcam, Windows 11 Pro, Silver",$498.00,4.4 out of 5 stars,570 ratings,In Stock
"HP Notebook Laptop, 15.6"" HD Touchscreen, Intel Core i3-1115G4 Processor, 32GB RAM, 1TB PCIe SSD, Webcam, Type-C, HDMI, SD Card Reader, Wi-Fi, Windows 11 Home, Silver",$448.00,4.2 out of 5 stars,938 ratings,Only 15 left in stock - order soon.
"HP Newest 15.6"" Anti-Glare HD Laptop, Intel Quad-core Processor, 16GB RAM, 128GB SSD+ 128GB JVQ USB Storage, Office 365 1-Year, Up to 11 hrs Long Battery, Win11 S, Scarlet Red",$299.95,4.4 out of 5 stars,238 ratings,In Stock
"HP Newest 14"" Ultral Light Laptop for Students and Business, Intel Quad-Core N4120, 8GB RAM, 192GB Storage(64GB eMMC+128GB Micro SD), 1 Year Office 365, Webcam, HDMI, WiFi, USB-A&C, Win 11 S",$299.98,4.2 out of 5 stars,"1,797 ratings",In Stock
"HP 2022 Newest Pavilion 15.6"" HD Laptop, Intel Quad-core Pentium Processor, 16GB RAM, 1TB SSD, 11 Hr Battry Life, Intel UHD Graphics, HD Webcam, Bluetooth, HDMI, USB Type-C, Scarlet Red, Win 11",$469.00,4.2 out of 5 stars,651 ratings,In Stock
"HP Portable Laptop, Student and Business, 14"" HD Display, Intel Quad-Core N4120, 8GB DDR4 RAM, 64GB eMMC, 1 Year Office 365, Webcam, RJ-45, HDMI, Wi-Fi, Windows 11 Home, Silver",$204.00,4.1 out of 5 stars,821 ratings,Only 1 left in stock - order soon.
"HP Newest Pavilion 15.6"" HD Touchscreen Anti-Glare Laptop, 16GB RAM, 1TB SSD Storage, Intel Core Processor up to 4.1GHz, Up to 11 Hours Long Battery Life, Type-C, HDMI, Windows 11 Home, Silver",$418.00,4.2 out of 5 stars,462 ratings,Only 4 left in stock - order soon.
"HP 14 Laptop, Intel Celeron N4020, 4 GB RAM, 64 GB Storage, 14-inch Micro-edge HD Display, Windows 11 Home, Thin & Portable, 4K Graphics, One Year of Microsoft 365 (14-dq0040nr, Snowflake White)",$186.97,3.9 out of 5 stars,"1,285 ratings",In Stock
"HP 15.6"" Portable Laptop (Include 1 Year Microsoft 365), HD Display, Intel Quad-Core N200 Processor, 16GB RAM, 128GB Storage, Wi-Fi 6, Webcam, HDMI, Numeric Keypad, Windows 11 Home, Silver",$339.00,4.3 out of 5 stars,304 ratings,In Stock
"HP 2024 Newest Business Laptop, 17.3 Inch HD+ Touch Display, Intel Pentium Silver-N5030(4-core), 32GB RAM, 1TB SSD, Intel UHD Graphics 600, Webcam, Wi-Fi, Bluetooth, Windows 11 Home in S Mode",$589.99,4.1 out of 5 stars,73 ratings,Only 6 left in stock - order soon.
"HP 2024 Newest Pavilion 15.6"" HD Touchscreen Laptop for Business, 6-Cores Intel i3-1215U up to 4.4GHz, 16GB RAM, 1TB SSD, UHD Graphics, Fast Charge, 10+ Hrs Battery, Win 11 Pro +HubxcelAccessory",$499.00,5.0 out of 5 stars,1 rating,Only 4 left in stock - order soon.
"HP Newest 15.6"" FHD Essential Business Laptop, Intel Core i5-1135G7 Processor, 32GB RAM, 1TB Storage, Intel Iris Xe Graphics, SD Card Reader, HDMI, Ethernet, Webcam, USB-C, Windows 11 Pro",$599.00,3.9 out of 5 stars,6 ratings,Only 3 left in stock - order soon.
"HP 15.6"" 36GB RAM 1TB SSD Laptop, Windows 11 Pro, Intel Core i5-1135G7 4-Core Processor, FHD Micro-Edge Display, Long Battery Life, Front-Facing Camera, Media Card Reader, HDMI, USB-C, Wi-Fi, Silver",$549.99,4.6 out of 5 stars,13 ratings,Only 7 left in stock - order soon.
"HP Stream 14"" HD BrightView Laptop, Intel Celeron N4120, 16GB RAM, 64GB Storage, Intel HD Graphics, 720p Webcam, 1 Year Office 365, Black, Win 11 S, 32GB Hotface USB Card",$251.10,4.3 out of 5 stars,140 ratings,In Stock
"HP Newest 15 Laptop, 16GB Memory, 15.6"" Anti-Glare Display, Intel Quad-core N200 Processor, 128GB Storage, Windows 11 Home S Mode, Bundled 250GB Portable SSD & 1 Year Office 365",$349.00,4.4 out of 5 stars,85 ratings,In Stock
"HP 2023 Latest Pavilion Business Laptop, 15.6"" FHD Touchscreen, 13th Gen Intel Core i7-1355U, 32GB RAM, 1TB PCIe SSD, Webcam, FP Reader, Backlit KB, Wi-Fi 6, Windows 11 Pro, Silver",$819.99,4.4 out of 5 stars,80 ratings,Only 8 left in stock - order soon.
"HP Newest 15.6"" Full HD Touchscreen Laptop, 16GB RAM, 1TB SSD Storage, Intel Core i7-1255U Processor up to 4.7GHz, Long Battery Life, HD Camera, HDMI, Windows 11, Natural Silver, W/GaLiMu",$679.98,4.8 out of 5 stars,9 ratings,Only 4 left in stock - order soon.
"HP 17 inch Laptop, Windows 11 Home Laptop with Microsoft Office Lifetime License, Intel Core i3 8-Core Processor, 32GB RAM 1TB SSD, Fingerprint Reader, Fullsize Keyboard, Plusera Earphone, Silver",$669.99,4.3 out of 5 stars,28 ratings,In Stock
"HP Newest 14"" Ultral Light Laptop for Students and Business, Intel Quad-Core N4120, 8GB RAM, 192GB Storage(64GB eMMC+128GB Micro SD), 1 Year Office 365, Webcam, HDMI, WiFi, USB-A&C, Win 11 S",$296.99,4.2 out of 5 stars,"1,797 ratings",In Stock
"HP Elitebook 650 G10 15.6"" FHD Business Laptop Computer, 13th Gen Intel 10-Core i7-1355U, 32GB DDR4 RAM, 1TB PCIe SSD, WiFi 6E, BT 5.3, Backlit KB, Fingerprint Reader, Windows 11 Pro, AZ-XUT Cable",$879.00,4.6 out of 5 stars,10 ratings,Only 13 left in stock - order soon.
"HP Newest Pavilion 15.6"" HD Touch-Screen Laptop, 32GB RAM, 1TB PCIe and P500 250GB Portable SSD Storage, Intel Core i3, Fast Charge, SD Card Reader,Type-C, HDMI, Win 11 with Microsoft Office",$599.99,4.3 out of 5 stars,8 ratings,Only 10 left in stock - order soon.
"HP 14"" HD Laptop Light-Weight, 16GB RAM, 1TB SSD + 64GB eMMC, AMD Dual Core 3000 Series Processor, Bluetooth, USB A&C, HDMI, Webcam, Win10, White, 1 Year Microsoft Office 365 w/GM Accessory",$429.00,4.2 out of 5 stars,910 ratings,In Stock
"HP Envy 15.6"" 2 in 1 FHD Touchscreen Laptop, Intel 10-Core i7-1355U (Beat i9-11900H, Up to 5.0 GHz), 16GB RAM, 1TB PCIe SSD, Iris Xe Graphics, Backlit Keyboard, Thunderbolt, Win 11, GM Accessories",$849.00,4.3 out of 5 stars,63 ratings,In Stock
"jumper Laptop 14 Inch, Intel Celeron J4105 CPU(Up to 2.5GHz), 12GB LPDDR4 RAM, 256GB SSD Laptops Computer, FHD 1920x1080 Display, 16:9, HD Audio, 35.52WH Battery, Mini HDMI, Type-C, HD Graphics 600.",$259.98,4.9 out of 5 stars,15 ratings,In Stock
"jumper Laptop 14 Inch, Intel Celeron J4105 CPU(Up to 2.5GHz), 12GB LPDDR4 RAM, 256GB SSD Laptops Computer, FHD 1920x1080 Display, 16:9, HD Audio, 35.52WH Battery, Mini HDMI, Type-C, HD Graphics 600.",$259.98,4.9 out of 5 stars,15 ratings,In Stock
"HP 17 inch Laptop, Windows 11 Home Laptop with Microsoft Office Lifetime License, Intel Core i3 8-Core Processor, 32GB RAM 1TB SSD, Fingerprint Reader, Fullsize Keyboard, Plusera Earphone, Silver",$669.99,4.3 out of 5 stars,28 ratings,In Stock
"Lenovo IdeaPad 1 Student Laptop, Intel Dual Core Processor, 20GB RAM, 1TB SSD + 128GB eMMC, 15.6"" FHD Display, 1 Year Office 365, Windows 11 Home, Wi-Fi 6, Webcam, Bluetooth, SD Card Reader, Grey",$389.00,4.2 out of 5 stars,305 ratings,In Stock
"Lenovo V15 Laptop, 15.6"" FHD Display, AMD Ryzen 5 5500U Hexa-core Processor (Beat Intel i7-1065G7), 16GB RAM, 512GB SSD, HDMI, RJ45, Numeric Keypad, Wi-Fi, Windows 11 Pro, Black",$487.00,4.4 out of 5 stars,229 ratings,In Stock
"Lenovo IdeaPad 1 Student Laptop, Intel Dual Core Processor, 20GB RAM, 1TB SSD + 128GB eMMC, 15.6"" FHD Display, 1 Year Office 365, Windows 11 Home, Wi-Fi 6, Webcam, Bluetooth, SD Card Reader, Grey",$389.00,4.2 out of 5 stars,305 ratings,In Stock
"Lenovo V15 Laptop, 15.6"" FHD Display, AMD Ryzen 5 5500U Hexa-core Processor (Beat Intel i7-1065G7), 16GB RAM, 512GB SSD, HDMI, RJ45, Numeric Keypad, Wi-Fi, Windows 11 Pro, Black",$487.00,4.4 out of 5 stars,229 ratings,In Stock
"Lenovo IdeaPad 1 14 Laptop, Intel Celeron N4020, 4GB RAM, 128GB Storage(64GB eMMC+64GB Micro SD), Intel UHD Graphics 600, Win 11 in S Mode, Cloud Grey",$157.92,3.6 out of 5 stars,585 ratings,Only 7 left in stock - order soon.
"Lenovo 2024 Newest IdeaPad Laptop, 15.6"" FHD Display, Intel 12th Gen core i5-1235U, 16GB RAM, 512GB PCIe4.0 SSD, Webcam, Wi-Fi6, Bluetooth, Windows 11 Pro, with Cefesfy Mousepad",$699.99,4.3 out of 5 stars,506 ratings,In Stock
"Lenovo IdeaPad 1 14 Laptop, 14.0"" HD Display, Intel Celeron N4020, 4GB RAM, 64GB Storage, Intel UHD Graphics 600, Win 10 in S Mode, Ice Blue",$172.00,4.2 out of 5 stars,"1,872 ratings",In Stock
"Lenovo Ideapad 14.0"" HD Laptop, Intel Pentium N5030 Quad Core Processor, 4GB RAM, WiFi, Webcam, Bluetooth, HDMI, 1-Year Microsoft 365, Window 11 in S Mode, Z&O Accessories (Cloud Grey | 1TB NVMe)",$318.88,4.2 out of 5 stars,"1,872 ratings",Only 9 left in stock - order soon.
"Lenovo Ideapad 14.0"" HD Laptop, Intel Pentium N5030 Quad Core Processor, 4GB RAM, WiFi, Webcam, Bluetooth, HDMI, 1-Year Microsoft 365, Window 11 in S Mode, Z&O Accessories (Cloud Grey | 256GB NVMe)",$248.88,4.2 out of 5 stars,"1,872 ratings",Only 7 left in stock - order soon.
"Lenovo Ideapad 14.0"" HD Laptop, Intel Pentium N5030 Quad Core Processor, 4GB RAM, WiFi, Webcam, Bluetooth, HDMI, 1-Year Microsoft 365, Window 11 in S Mode, Z&O Accessories (Cloud Grey | 512GB NVMe)",$268.88,4.2 out of 5 stars,"1,872 ratings",In Stock
"Lenovo IdeaPad 3 – (2023) - Everyday Notebook - Windows 11-14"" Full HD – 8GB Memory – 128GB Storage - Intel Core i3-1115G - Platinum Grey",$289.97,4.3 out of 5 stars,324 ratings,Only 11 left in stock - order soon.
"Lenovo V15 G4 Business Laptop, 15.6"" FHD Screen, 13th Gen Intel 10 Cores i7-1355U up to 5.0GHz, 16GB RAM, 1TB PCIe SSD, HD Camera with Privacy Shutter, Wi-Fi, HDMI, Windows 11 Pro, Black",$799.00,4.1 out of 5 stars,13 ratings,In Stock
"Lenovo Newest V15 Series 15.6""(1920x1080) FHD Laptop | Intel 4-Cores Upto 3.3Ghz Processor | Dolby Audio | Ethernet | HDMI | WiFi & Bluetooth | Webcam | Windows 11 Home (16GB RAM | 1TB SSD)",$399.99,3.8 out of 5 stars,4 ratings,In Stock
"Lenovo IdeaPad 3i 14 Laptop, Student and Business, 14"" FHD Screen, Intel i3-1115G4 Processor, 12GB RAM, 1TB SSD, HDMI, Media Card Reader, Webcam, Dolby Audio, Wi-Fi 6, Windows 11 Home, Platinum Grey",$375.00,4.4 out of 5 stars,288 ratings,Only 7 left in stock - order soon.
"Lenovo Slim 7 Pro X 14.5"" 3K 120Hz 400Nits 100% sRGB TÜV Touch Slim Laptop-AMD Ryzen 9 6900HS(>i7-280P)-RTX 3050-32GB 6400MHz-WiFi6-Backlit-BT-Eyesafe-Eshutter-Win 11-W/Mouse Pad (32GB RAM | 2TB SSD)","$1,239.99",4.4 out of 5 stars,17 ratings,Only 8 left in stock - order soon.
"Lenovo IdeaPad 3 11 Chromebook Laptop,11.6"" HD Display,Intel Celeron N4020, 4GB RAM, 64GB Storage, UHD Graphics 600, Chrome OS, Onyx Black",$149.00,4.3 out of 5 stars,"5,436 ratings",Only 1 left in stock - order soon.
"Lenovo IdeaPad 3 15.6 Inch FHD Touchscreen Business Laptop, Intel Core i5, 16GB RAM, 1TB SSD, Windows 11 Pro, HDMI, SD Card Reader, Abyss Blue, PCM",$599.00,5.0 out of 5 stars,1 rating,In Stock
Lenovo 500 USB-C Universal Dock – Laptop USB C Docking Station – Dual Display at 4K – 1DP 1.4 and 1 HDMI 2.0 – 100W – Charging for Laptop – 2 USB-C Ports – 3 USB-A Ports – Windows Compatible,$154.65,4.2 out of 5 stars,896 ratings,Only 3 left in stock - order soon.
"Lenovo ThinkVision M14 14"" Full HD 1920x1080 IPS Monitor - 300 Nit 6ms 2xUSB Type-C Ports Widescreen Backlit LED LCD Mobile Portable Display Raven Black",$169.00,4.4 out of 5 stars,"1,278 ratings",In Stock
"Lenovo Laptop Bag T210, Messenger Shoulder Bag for Laptop or Tablet, Sleek, Durable & Water-Repellent Fabric",$12.99,4.7 out of 5 stars,"25,097 ratings",Not Available
"Lenovo 2022 Newest IdeaPad 3i Laptop, 15.6"" FHD Anti-Glare Display, Intel Core i3-1115G4 Processor, Intel UHD Graphics, 8GB DDR4 RAM, 256GB PCIe SSD, Fingerprint Reader, Windows 11",$429.00,4.5 out of 5 stars,282 ratings,In Stock
"Acer Aspire 5 A515-46-R3UB | 15.6"" Full HD IPS Display | AMD Ryzen 3 3350U Quad-Core Mobile Processor | 4GB DDR4 | 128GB NVMe SSD | WiFi 6 | Backlit KB | FPR | Amazon Alexa | Windows 11 Home in S mode",$399.00,4.5 out of 5 stars,"2,955 ratings",In Stock
"Acer Swift 3 Intel Evo Thin & Light Laptop | 14"" QHD 100% sRGB | Intel Core i7-1260P | Iris Xe Graphics | 16GB LPDDR4X | 512GB SSD | Killer Wi-Fi 6E AX1675 | Windows 11 Home | SF314-512-78JG, Silver",$758.50,4.0 out of 5 stars,104 ratings,Only 18 left in stock - order soon.
"Acer 2023 Newest Chromebook Spin 714 2-in-1 Laptop, 14 Inch Touchscreen Display, 12th Gen Intel Core i5-1235U Processor, 8GB RAM, 256GB SSD, Intel Iris Xe Graphics, Bluetooth, Webcam, Chrome OS",$599.99,4.3 out of 5 stars,8 ratings,Only 1 left in stock - order soon.
"Acer Aspire Vero AV15-51-5155 Green PC | 15.6"" FHD IPS 100% sRGB Display | 11th Gen Intel Core i5-1155G7 | Intel Iris Xe Graphics | 8GB DDR4 | 256GB SSD | Wi-Fi 6 | PCR Materials | Windows 11 Home",$440.00,4.3 out of 5 stars,800 ratings,Only 6 left in stock - order soon.
"Acer Aspire 5 A515-56-36UT, 15.6"" Full HD Display, 11th Gen Intel Core i3-1115G4 Processor, 4GB DDR4, 128GB NVMe SSD, WiFi 6, Windows 11 Home (S Mode)",$319.99,4.2 out of 5 stars,"2,909 ratings",Only 11 left in stock - order soon.
"Acer Swift 3 Thin & Light Laptop, 14"" Full HD IPS, AMD Ryzen 7 4700U Octa-Core with Radeon Graphics, 8GB LPDDR4, 512GB NVMe SSD, Wi-Fi 6, Backlit KB, Fingerprint Reader, Alexa Built-in",$618.99,4.4 out of 5 stars,"4,254 ratings",In Stock
"Acer 2022 Flagship 311 Chromebook 11.6"" HD Display Laptop Computer, MediaTek MT8183C 8-Core Processor, 4GB LPDDR4X, 32GB eMMC, WiFi 5, Webcam, Bluetooth, Chrome OS, Silver w/GM Accessories",$189.00,4.3 out of 5 stars,126 ratings,Only 4 left in stock - order soon.
"Acer USB C Hub, 7 in 1 USB C to HDMI Splitter, 2 USB 3.1 GEN1 and 5Gbps Type-C Data Port, 4K HDMI Port, PD 100W Charging, SD Card Reader, for iPad Pro MacBook Pro Acer Laptops and More",$17.98,4.6 out of 5 stars,694 ratings,In Stock
"Acer USB C Hub, 7 in 1 USB C to HDMI Dock, 2 USB 3.1 GEN1 and 5Gbps Type-C Data Port, 4K HDMI Port, PD 100W Charging, SD Card Reader, for iPad Pro MacBook Pro Acer Laptops and More (Black)",$21.99,4.6 out of 5 stars,694 ratings,In Stock
"Acer USB Hub, 7 in 1 USB C to HDMI Multi-Port Adapter, 2 USB 3.1 GEN1 and 5Gbps Type-C Data Port, 4K HDMI Port, PD 100W Charging, SD Card Reader, for iPad Pro MacBook Pro Acer Laptops and More (Pink)",$21.99,4.6 out of 5 stars,694 ratings,In Stock
"Acer USB C Dock, 7 in 1 USB C to HDMI Hub, 2 USB 3.1 GEN1 and 5Gbps Type-C Data Port, 4K HDMI Port, PD 100W Charging, SD Card Reader, for iPad Pro MacBook Pro Acer Laptops and More (Silver)",$21.99,4.6 out of 5 stars,694 ratings,In Stock
"Acer Aspire 5 - 15.6-inch AMD Ryzen 3 3350U 2.1GHz, 4GB RAM, 128GB SSD (Renewed)",$289.00,4.4 out of 5 stars,27 ratings,Only 2 left in stock - order soon.
"Acer 15.6"" Ci59300H 8G 512GB Win10",$699.99,4.2 out of 5 stars,3 ratings,Only 2 left in stock - order soon.
"Acer USB C Hub with 4k HDMI, 9-in-1 USB C to Ethernet Adapter, 5Gbps USB-A 3.1 Docking Station, PD 100W Charging, SD Card Reader, USB to VGA Splitter for MacBook, Acer, Laptops, Surface and More",$29.99,4.6 out of 5 stars,339 ratings,In Stock
"Acer USB C Hub with 4k HDMI, 9-in-1 USB C to Ethernet Adapter, 5Gbps USB-A 3.1 Docking Station, PD 100W Charging, SD Card Reader, USB to VGA Splitter for MacBook, Acer, Laptops, Surface (Black)",$31.99,4.6 out of 5 stars,339 ratings,In Stock
"Acer USB C Hub with 4k HDMI, 9-in-1 USB C to Ethernet Adapter, 5Gbps USB-A 3.1 Docking Station, PD 100W Charging, SD Card Reader, USB to VGA Splitter for MacBook, Acer, Laptops, Surface (Pink)",$31.99,4.6 out of 5 stars,339 ratings,In Stock
"Acer USB C Hub with 4k HDMI, 9-in-1 USB C to Ethernet Adapter, 5Gbps USB-A 3.1 Docking Station, PD 100W Charging, SD Card Reader, USB to VGA Splitter for MacBook, Acer, Laptops, Surface (Silver)",$31.99,4.6 out of 5 stars,339 ratings,In Stock
"Acer USB C to HDMI Multiport Adapter, 3 in 1 USB C Hub with USB 3.0 Data Port, 4K HDMI Port & PD Max 100W Charging for USB C Phones, Tablets, iPad Pro, Surface, Laptops, Switch, Dell XPS and More",$16.99,4.5 out of 5 stars,390 ratings,In Stock
"Acer Multiport AV Adapter with 4K HDMI Output USB 3.0 Port & 100W PD Charging Port, USB C Hub Compatible for MacBook Pro/Air, iPad pro/air, iMac, Switch, Dell XPS, Steam Deck and More Type-C Devices",$16.99,4.5 out of 5 stars,390 ratings,In Stock
"Acer USB C to HDMI Adapter, Acer Type-C Multiport AV Converter with 4K HDMI Output, USB 3.0 & PD 100W Fasting Charging Compatible for Mac, MacBook Pro/Air, iPad Pro, Samsung Tablet and More USB C Device",$16.99,4.5 out of 5 stars,390 ratings,In Stock
"Acer USB C to HDMI Adapter, Type C to 4K HDMI Adapter with 100W PD & USB 3.0 Port Multiport Digital AV Converter for MacBook Pro/air, iPad Pro/air, iPhone 15, Tablets, Switch and More USB-C Devices",$15.99,4.5 out of 5 stars,390 ratings,In Stock
"Acer FA100 512GB M.2 SSD 2280 NVMe Gen3 x4 Internal Solid State Drive, Up to 8 Gb/s, Storage for PC and Laptops - BL.9BWWA.119",$46.99,4.5 out of 5 stars,729 ratings,In Stock
"ASUS VivoBook Pro 16 Laptop, 16” Display, Intel Core i9-13900H CPU, NVIDIA® GeForce® RTX™ 4060 GPU, 16GB RAM, 1TB SSD, Windows 11 Home, Quiet Blue, K6602VV-AS96","$1,078.88",4.1 out of 5 stars,71 ratings,Only 9 left in stock - order soon.
"ASUS 2023 Vivobook 14 Laptop, 14” FHD (1920 x 1080) Display, Intel Core i5-1235U CPU, Intel Iris Xᵉ Graphics, 8GB RAM, 256GB SSD, Windows 11 Home, Quiet Blue, F1404ZA-AS51",$456.98,4.1 out of 5 stars,126 ratings,Only 15 left in stock - order soon.
"ASUS Vivobook Go 15 L510 Thin & Light Laptop Computer, 15.6” FHD Display, Intel Celeron N4020 Processor, 4GB RAM, 64GB Storage, Windows 11 Home in S Mode, 1 Year Microsoft 365, Star Black, L510MA-AS02",$199.99,3.8 out of 5 stars,"1,223 ratings",In Stock
"ASUS ExpertBook B5 Thin & Light Business Laptop, 13.3” FHD OLED, Intel Core i5-1135G7, 512GB SSD, 16GB RAM, All-Day Battery, Enterprise-Grade Video Conference, NumberPad, Win 10 Pro, B5302CEA-XH55",$685.00,4.4 out of 5 stars,35 ratings,In Stock
"ASUS Vivobook Pro 16X OLED Laptop, 16” 16:10 OLED Display, Intel Core i9-13980HX CPU, NVIDIA® GeForce® RTX™ 4060 GPU, 16GB RAM, 1TB SSD, Windows 11 Home, Earl Grey, K6604JV-ES94","$1,577.00",4.1 out of 5 stars,35 ratings,Only 12 left in stock - order soon.
"ASUS VivoBook Pro 16 OLED Laptop, 16” OLED Display, Intel Core i9-13900H CPU, NVIDIA® GeForce® RTX™ 4060 GPU, 16GB RAM, 1TB SSD, Windows 11 Home, Quiet Blue, K6602VV-ES94","$1,498.99",4.1 out of 5 stars,35 ratings,Only 2 left in stock - order soon.
ASUS TUF Gaming Laptop 2023-16inch WUXGA IPS Display 165Hz 100% sRGB - AMD Ryzen7 7735HS Beat i7-12650H - AMD Radeon RX7600S Beat RTX3060 - Backlit KB - HDMI Cable (32GB DDR5 RAM |2TB PCIe SSD),"$1,159.99",4.5 out of 5 stars,4 ratings,Only 1 left in stock - order soon.
"ASUS Newest Vivobook 15.6"" FHD Lightweight Laptop, 16GB RAM, 1TB PCIe SSD, Intel Core i3-1215U(Beat i5-1135G7), Chiclet Keyboard, WiFi, Type-C, Camera, HDMI, Win 11, Quiet Blue, w/CUE Accessories",$549.99,4.6 out of 5 stars,6 ratings,Only 11 left in stock - order soon.
"ASUS VivoBook Pro 14 OLED Laptop, 14” 2.8K OLED Display, AMD Ryzen 7 6800H Mobile CPU, NVIDIA® GeForce® RTX™ 3050 GPU,16GB RAM, 1TB SSD, Windows 11 Home, Quiet Blue, M6400RC-EB74","$1,159.95",4.0 out of 5 stars,63 ratings,Only 1 left in stock - order soon.
"ASUS VivoBook 15 Slim Laptop, 15.6 inch FHD Display, Intel Core i5-1240P CPU, Intel Iris Xe Graphics, 8GB RAM, 512GB SSD, Fingerprint Sensor, Windows 11 Home, Quiet Blue, F1502ZA-DS52",$486.00,4.1 out of 5 stars,9 ratings,In Stock
"ASUS VivoBook 14"" FHD 1080p Laptop, Intel Core i3-1115G4, 20GB RAM, 1TB PCIe SSD, Backlit Keyboard, HDMI, WiFi, Webcam, Windows 11 Home, Slate Grey",$479.00,4.3 out of 5 stars,157 ratings,Only 8 left in stock - order soon.
"ASUS VivoBook L203MA Ultra-Thin Laptop, Intel Celeron N4000 Processor, 4GB LPDDR4, 64GB eMMC, 11.6” HD, USB-C, Windows 10 in S Mode (Switchable to Pro), L203MA-DS04, One Year of Microsoft Office 365",$205.95,4.2 out of 5 stars,"6,493 ratings",Only 8 left in stock - order soon.
"ASUS Newest 14"" Rugged & Spill Resistant Chromebook, Education Edition, Military STD 810G, Intel N3350, 4GB RAM, 160G Space(32G eMMC+128G Card), WiFi, Bluetooth, Webcam, DarkBlue, Chrome OS, JVQ MP",$319.99,3.8 out of 5 stars,19 ratings,Only 4 left in stock - order soon.
"ASUS Chromebook C424 14"" Full HD Notebook Computer, Intel Celeron N4020 1.1GHz, 4GB RAM, 64GB eMMC, Chrome OS, Silver",$184.00,5.0 out of 5 stars,3 ratings,Only 7 left in stock - order soon.
"ASUS L510 MA-DB02 Ultra Thin Laptop, 15.6” FHD Display, Intel Celeron N4020 Processor, 4GB RAM, 64GB Storage, Windows 10 Home in S Mode, Star Black",$208.00,4.1 out of 5 stars,119 ratings,Only 16 left in stock - order soon.
"ASUS ZenScreen 15.6” 1080P Portable USB Monitor (MB166C) - Full HD, IPS, USB Type-C, , Tripod Mountable, Anti-Glare Surface, Protective Sleeve, 3-Year Warranty",$138.40,4.0 out of 5 stars,"2,620 ratings",Only 8 left in stock - order soon.
"ASUS VivoBook S15 S533 Thin and Light Laptop, 15.6” FHD Display, Intel Core i5-1135G7 Processor, 8GB DDR4 RAM, 512GB PCIe SSD, Wi-Fi 6, Windows 10 Home, Resolute Red, S533EA-DH51-RD",$549.00,4.4 out of 5 stars,275 ratings,In Stock
"Microsoft Surface Laptop Go 3 (2023) - 12.4"" Touchscreen, Thin & Lightweight, Intel Core i5, 8GB RAM, 256GB SSD SSD, with Windows 11, Platinum Color Copilot",$497.56,4.5 out of 5 stars,58 ratings,Only 12 left in stock - order soon.
"Microsoft Surface Laptop 4 13.5/'' Touchscreen AMD Ryzen 5 8GB 128GB Windows 11 H, 13-13.99 inches",$398.00,4.1 out of 5 stars,31 ratings,In Stock
Microsoft Surface Laptop 4 13.5” Touch-Screen – Intel Core i7 - 16GB - 512GB Solid State Drive - Ice Blue,$949.00,4.5 out of 5 stars,377 ratings,Only 1 left in stock - order soon.
Microsoft Surface Laptop 4 13.5” Touch-Screen – Intel Core i7 - 16GB - 512GB Solid State Drive - Platinum,"$1,039.99",4.5 out of 5 stars,377 ratings,Only 1 left in stock - order soon.
Microsoft Surface Laptop 4 13.5” Touch-Screen – Intel Core i5 - 8GB - 512GB Solid State Drive (Latest Model) - Matte Black (Renewed),$549.99,4.2 out of 5 stars,6 ratings,Only 8 left in stock - order soon.
Microsoft Surface Laptop 4 15” Touch-Screen – AMD Ryzen 7 Surface Edition - 8GB - 512GB Solid State Drive - Platinum,$630.00,4.9 out of 5 stars,17 ratings,Only 15 left in stock - order soon.
Microsoft Surface Laptop 4 13.5” Touch-Screen – AMD Ryzen 5 Surface Edition - 16GB Memory - 256GB Solid State Drive - Platinum,$675.00,4.3 out of 5 stars,135 ratings,Only 2 left in stock - order soon.
"Microsoft Surface Laptop Go - 12.4"" Touchscreen - Intel Core i5 - 8GB Memory - 128GB SSD - Platinum",$460.97,4.5 out of 5 stars,"1,411 ratings",Only 1 left in stock - order soon.
"Microsoft Surface Laptop 4 15-inch Touchscreen 256GB SSD AMD Ryzen 7 (8GB RAM, Windows 10 Home, Latest Model) - Platinum, 5UI-00001",$540.98,4.2 out of 5 stars,9 ratings,In Stock
"Microsoft Surface Laptop 3 – 13.5"" Touch-Screen – Intel Core i7 - 16GB Memory - 256GB Solid State Drive – Matte Black",$349.95,4.5 out of 5 stars,531 ratings,Only 1 left in stock - order soon.
"Microsoft Surface Laptop 3 – 13.5"" Touch-Screen – Intel Core i7 - 16GB Memory - 256GB Solid State Drive – Platinum with Alcantara",$299.95,4.5 out of 5 stars,531 ratings,Only 1 left in stock - order soon.
"Microsoft Surface Laptop 3 – 13.5"" Touch-Screen – Intel Core i7 – 16GB Memory - 256GB Solid State Drive – Sandstone",$647.28,4.5 out of 5 stars,531 ratings,Only 1 left in stock - order soon.
"Microsoft Surface Laptop Studio 2 14.4"" Touchscreen Convertible (Floating Slider) 2 in 1 Notebook - 2400 x 1600 - Intel Core i7 13th Gen i7-13700H Tetradeca-core (14 Core) - Intel Evo Platform -","$1,419.99",3.8 out of 5 stars,3 ratings,In Stock
"Microsoft Surface Pro 9 (2022), 13"" 2-in-1 Tablet & Laptop, Thin & Lightweight, Intel 12th Gen i7 Fast Processor for Multi-Tasking, 16GB RAM, 256GB Storage with Windows 11, Graphite Microsoft Copilot","$1,173.14",4.5 out of 5 stars,827 ratings,In Stock
"Microsoft Surface Pro 9 (2022), 13"" 2-in-1 Tablet & Laptop, 5G Connectivity, Thin & Lightweight, Faster SQ3 Processor for Multi-Tasking, 8GB RAM, 128GB Storage with Windows 11, Platinum","$1,249.99",4.5 out of 5 stars,827 ratings,Only 2 left in stock - order soon.
"Microsoft Surface Pro 9 (2022), 13"" 2-in-1 Tablet & Laptop, Thin & Lightweight, Intel 12th Gen i5 Fast Processor for Multi-Tasking, 8GB RAM, 256GB Storage with Windows 11, Sapphire Microsoft Copilot",$698.60,4.5 out of 5 stars,827 ratings,Only 2 left in stock - order soon.
