"",Timestamp,Component_Name,Part_Number,Description,Quantity,Material,Supplier,Unit_Cost,Lead_Time,Criticality,Source_of_Supply,Revision_Level,Manufacturing_Process,Quality_Standards,Testing_Requirements,Assembly_Instructions,Subassembly_Level,Weight,Packaging_Information,Environmental_Compliance,Safety_Considerations,Demand
0,2023-01-01 08:00:00,CHM-001,12345,Main chamber body,1,Stainless Steel,Vendor A,10000,12 weeks,High,External,A.1,"CNC Machining, Welding",SEMI S123,Helium Leak Test,Provided by vendor,Level 1,200,Custom crate,"RoHS, REACH",Safety interlocks during maintenance,150.0
1,2023-02-01 08:00:00,LID-001,54321,Lid for chamber,1,Aluminum Alloy,Vendor B,5000,8 weeks,High,External,A.1,CNC Machining,SEMI S456,Visual Inspection,Provided by vendor,Level 1,50,Custom packaging,"RoHS, REACH",Safety interlocks during lid opening,120.0
2,2023-03-01 08:00:00,GDS-001,67890,Gas distribution manifold,1,Stainless Steel,Vendor C,8000,10 weeks,Medium,External,A.2,Precision Machining,SEMI S789,Leak Test,Provided by vendor,Level 2,30,Custom crate,"RoHS, REACH",-,90.0
3,2023-04-01 08:00:00,PSA-001,11223,RF Generator and Electrostatic Chuck Assembly,1,Various,Vendor D,20000,14 weeks,High,External,A.3,Integration of Components,SEMI S234,Electrical Tests,Provided by vendor,Level 2,100,Custom packaging,"RoHS, REACH",Safety interlocks during operation,180.0
4,2023-05-01 08:00:00,WHS-001,33445,Robot arm and wafer chuck,1,"Aluminum Alloy, Ceramic",Vendor E,15000,16 weeks,High,External,A.1,Robotic Assembly,SEMI S567,Functional Tests,Provided by vendor,Level 2,40,Custom crate,"RoHS, REACH",Safety interlocks during handling,200.0
5,2023-06-01 08:00:00,ISA-002,55667,Ion source for plasma etching,1,Titanium,Vendor F,18000,15 weeks,Medium,External,B.1,"Laser Cutting, Assembly",SEMI S890,Mass Spectrometry Test,Provided by vendor,Level 2,80,Custom packaging,"RoHS, REACH",Safety interlocks during operation,160.0
6,2023-07-01 08:00:00,CS-002,77889,Closed-loop coolant system,1,Stainless Steel,Vendor G,12000,10 weeks,Medium,External,A.2,CNC Machining,SEMI S678,Pressure Test,Provided by vendor,Level 1,60,Custom crate,"RoHS, REACH",-,110.0
7,2023-08-01 08:00:00,PSU-002,99001,High-voltage power supply,1,"Copper, Silicon",Vendor H,25000,18 weeks,High,External,A.1,Electronic Assembly,SEMI S345,Electrical Safety Tests,Provided by vendor,Level 2,120,Custom packaging,"RoHS, REACH",Safety interlocks during maintenance,220.0
8,2023-09-01 08:00:00,GPS-002,11223,Gas purification and filtration,1,Polypropylene,Vendor I,15000,12 weeks,Medium,External,A.1,Filtration and Purification,SEMI S456,Gas Purity Analysis,Provided by vendor,Level 1,45,Custom crate,"RoHS, REACH",-,100.0
9,2023-10-01 08:00:00,TCU-002,33445,Precision temperature control,1,Inconel,Vendor J,20000,14 weeks,High,External,B.2,Thermoelectric Cooling,SEMI S789,Temperature Stability Test,Provided by vendor,Level 2,90,Custom packaging,"RoHS, REACH",Safety interlocks during operation,130.0
10,2023-11-01 08:00:00,EC-002,55667,Specialized chamber for etching process,1,Quartz,Vendor K,22000,16 weeks,High,External,A.3,Quartz Fabrication,SEMI S234,Visual Inspection,Provided by vendor,Level 2,100,Custom packaging,"RoHS, REACH",Safety interlocks during operation,190.0
11,2023-12-01 08:00:00,VS-002,77889,High-performance vacuum system,1,Stainless Steel,Vendor L,30000,20 weeks,High,External,B.1,Vacuum Technology,SEMI S567,Vacuum Integrity Test,Provided by vendor,Level 2,150,Custom crate,"RoHS, REACH",Safety interlocks during operation,240.0
12,2024-01-01 08:00:00,PCU-002,99001,Control system for plasma parameters,1,Electronic Components,Vendor M,15000,12 weeks,Medium,External,A.1,Electronic Assembly,SEMI S345,Electrical Tests,Provided by vendor,Level 1,70,Custom packaging,"RoHS, REACH",Safety interlocks during operation,210.0
13,2024-02-01 08:00:00,GFMS-002,11223,System for controlling gas flow rates,1,Stainless Steel,Vendor N,16000,14 weeks,Medium,External,A.2,Flow Rate Calibration,SEMI S678,Gas Flow Stability Test,Provided by vendor,Level 1,50,Custom crate,"RoHS, REACH",-,180.0
14,2024-03-01 08:00:00,WLS-002,33445,System for loading wafers into chamber,1,Aluminum Alloy,Vendor O,10000,8 weeks,Medium,External,B.2,Automated Loading,SEMI S567,Robotic Tests,Provided by vendor,Level 1,30,Custom packaging,"RoHS, REACH",Safety interlocks during handling,160.0
15,2024-04-01 08:00:00,PDM-002,55667,Diagnostic tools for monitoring plasma,1,Various,Vendor P,28000,22 weeks,High,External,A.3,Integration of Diagnostics,SEMI S234,Diagnostics Performance Test,Provided by vendor,level 1,40,NaN,NaN,NaN,164.0
16,2024-05-01 08:00:00,NEW-001,78901,Advanced Plasma Source,1,Ceramic,Vendor Q,22000,15 weeks,High,External,A.2,Advanced Plasma Generation,SEMI S890,Ion Energy Distribution,Provided by vendor,Level 2,75,Custom packaging,"RoHS, REACH",Safety interlocks during operation,170.0
17,2024-06-01 08:00:00,MEMS-002,12345,Micro-Etching Module,1,Silicon,Vendor R,18000,12 weeks,Medium,External,A.1,MEMS Fabrication,SEMI S456,Microstructural Analysis,Provided by vendor,Level 1,40,Custom crate,"RoHS, REACH",-,130.0
18,2024-07-01 08:00:00,AFM-001,56789,Atomic Force Microscope Attachment,1,"Titanium, Glass",Vendor S,25000,18 weeks,High,External,A.3,AFM Integration,SEMI S567,AFM Resolution Test,Provided by vendor,Level 2,85,Custom packaging,"RoHS, REACH",Safety interlocks during operation,190.0
19,2024-08-01 08:00:00,RFI-002,11223,Remote Plasma Inspection Unit,1,Stainless Steel,Vendor T,16000,14 weeks,Medium,External,A.2,Remote Plasma Technology,SEMI S678,Plasma Uniformity Test,Provided by vendor,Level 1,55,Custom crate,"RoHS, REACH",-,150.0
20,2024-09-01 08:00:00,EUV-001,33445,Extreme Ultraviolet Light Source,1,Optical Elements,Vendor U,30000,20 weeks,High,External,B.1,EUV Technology,SEMI S234,Wavelength Accuracy Test,Provided by vendor,Level 2,120,Custom packaging,"RoHS, REACH",Safety interlocks during operation,220.0
21,2024-10-01 08:00:00,NANO-002,55667,Nanoparticle Deposition Module,1,"Gold, Polymer",Vendor V,20000,16 weeks,High,External,A.3,Nanoparticle Deposition,SEMI S345,Nanoparticle Size Analysis,Provided by vendor,Level 2,70,Custom packaging,"RoHS, REACH",Safety interlocks during operation,200.0
22,2024-11-01 08:00:00,PCB-002,77889,Plasma Cleaning Brush Unit,1,Carbon Composite,Vendor W,12000,10 weeks,Medium,External,B.2,Plasma Brush Technology,SEMI S567,Cleaning Efficiency Test,Provided by vendor,Level 1,35,Custom crate,"RoHS, REACH",-,110.0
23,2024-12-01 08:00:00,MIR-001,99001,Mid-Infrared Spectroscopy Module,1,Zinc Selenide,Vendor X,28000,22 weeks,High,External,A.1,MIR Spectroscopy Integration,SEMI S789,Spectral Resolution Test,Provided by vendor,Level 2,95,Custom packaging,"RoHS, REACH",Safety interlocks during operation,180.0
24,2025-01-01 08:00:00,PLC-002,11223,Plasma Control System,1,Electronic Components,Vendor Y,15000,12 weeks,Medium,External,A.1,Electronic Assembly,SEMI S456,Control System Tests,Provided by vendor,Level 1,50,Custom crate,"RoHS, REACH",-,160.0
25,2025-02-01 08:00:00,PHOTO-002,33445,Photolithography Enhancement Unit,1,"Glass, Quartz",Vendor Z,10000,8 weeks,Medium,External,B.2,Photolithography Integration,SEMI S678,Resolution Enhancement Test,Provided by vendor,Level 1,25,Custom packaging,"RoHS, REACH",-,140.0
26,2025-03-01 08:00:00,FTIR-001,55667,Fourier Transform Infrared Spectroscopy Module,1,Zinc Sulfide,Vendor AA,22000,15 weeks,High,External,A.3,FTIR Spectroscopy Integration,SEMI S234,Spectral Analysis Test,Provided by vendor,Level 2,85,Custom packaging,"RoHS, REACH",Safety interlocks during operation,190.0
27,2025-04-01 08:00:00,CMP-002,77889,Chemical Mechanical Polishing Unit,1,"Ceramic, Polyurethane",Vendor BB,16000,14 weeks,Medium,External,A.2,CMP Technology,SEMI S567,Polishing Uniformity Test,Provided by vendor,Level 1,55,Custom crate,"RoHS, REACH",-,150.0
28,2025-05-01 08:00:00,HGA-001,99001,Hydrogen Gas Activation Unit,1,Stainless Steel,Vendor CC,18000,12 weeks,Medium,External,B.1,Hydrogen Activation Process,SEMI S789,Activation Efficiency Test,Provided by vendor,Level 1,40,Custom packaging,"RoHS, REACH",Safety interlocks during operation,170.0
29,2025-06-01 08:00:00,MAS-002,11223,Mass Spectrometry Analyzer,1,"Aluminum Alloy, Glass",Vendor DD,25000,18 weeks,High,External,A.1,MAS Integration,SEMI S456,Mass Resolution Test,Provided by vendor,Level 2,110,Custom crate,"RoHS, REACH",-,220.0
30,2025-07-01 08:00:00,THZ-001,33445,Terahertz Spectroscopy Module,1,"Polyethylene, Silicon",Vendor EE,20000,16 weeks,High,External,B.2,THZ Spectroscopy Integration,SEMI S678,Terahertz Wave Analysis,Provided by vendor,Level 2,75,Custom packaging,"RoHS, REACH",Safety interlocks during operation,160.0
31,2025-08-01 08:00:00,RFQ-002,55667,Radio Frequency Quadrupole Unit,1,"Copper, Teflon",Vendor FF,12000,10 weeks,Medium,External,A.3,RFQ Integration,SEMI S234,RFQ Stability Test,Provided by vendor,Level 1,35,Custom crate,"RoHS, REACH",-,130.0
32,2025-09-01 08:00:00,TOF-001,77889,Time-of-Flight Mass Spectrometry Module,1,"Gold, Quartz",Vendor GG,30000,20 weeks,High,External,A.2,TOF-MS Integration,SEMI S567,Mass Accuracy Test,Provided by vendor,Level 2,95,Custom packaging,"RoHS, REACH",Safety interlocks during operation,180.0
33,2025-10-01 08:00:00,DAC-002,99001,Digital-to-Analog Converter,1,Electronic Components,Vendor HH,15000,12 weeks,Medium,External,B.1,Electronics Integration,SEMI S345,Analog Signal Accuracy Test,Provided by vendor,Level 1,50,Custom crate,"RoHS, REACH",-,140.0
34,2025-11-01 08:00:00,LC-002,11223,Liquid Chromatography Unit,1,"Stainless Steel, Glass",Vendor II,10000,8 weeks,Medium,External,A.1,LC Integration,SEMI S456,Separation Efficiency Test,Provided by vendor,Level 1,25,Custom packaging,"RoHS, REACH",-,120.0
35,2025-12-01 08:00:00,EDA-001,33445,Electrochemical Deposition Apparatus,1,"Titanium, Polypropylene",Vendor JJ,28000,22 weeks,High,External,A.3,EDA Integration,SEMI S789,Deposition Uniformity Test,Provided by vendor,Level 2,80,Custom crate,"RoHS, REACH",Safety interlocks during operation,200.0
36,2026-01-01 08:00:00,AFR-002,55667,Atomic Force Resonance Module,1,"Silicon, Aluminum",Vendor KK,22000,15 weeks,High,External,B.2,AFR Integration,SEMI S234,Resonance Frequency Test,Provided by vendor,Level 2,85,Custom packaging,"RoHS, REACH",Safety interlocks during operation,190.0
37,2026-02-01 08:00:00,PMS-001,77889,Plasma Monitoring System,1,"Electronic Components, Ceramic",Vendor LL,16000,14 weeks,Medium,External,A.2,PMS Integration,SEMI S567,Plasma Characteristics Analysis,Provided by vendor,Level 1,55,Custom crate,"RoHS, REACH",-,150.0
38,2026-03-01 08:00:00,HEA-002,99001,High-Energy Accelerator,1,"Copper, Magnetic Alloy",Vendor MM,18000,12 weeks,High,External,A.1,HEA Integration,SEMI S678,Particle Acceleration Test,Provided by vendor,Level 1,40,Custom packaging,"RoHS, REACH",Safety interlocks during operation,170.0
39,2026-04-01 08:00:00,MFM-002,11223,Magnetic Field Manipulation Unit,1,"Ferrite, Copper",Vendor NN,25000,18 weeks,High,External,A.3,MFM Integration,SEMI S456,Magnetic Field Uniformity Test,Provided by vendor,Level 2,110,Custom crate,"RoHS, REACH",-,220.0
40,2026-05-01 08:00:00,DIE-001,33445,Dielectric Barrier Discharge Unit,1,"Quartz, Dielectric Materials",Vendor OO,20000,16 weeks,High,External,B.2,DBD Integration,SEMI S567,Dielectric Barrier Discharge Test,Provided by vendor,Level 2,75,Custom packaging,"RoHS, REACH",Safety interlocks during operation,160.0
41,2026-06-01 08:00:00,LPC-002,55667,Low-Pressure Chamber Module,1,"Stainless Steel, Polyethylene",Vendor PP,12000,10 weeks,Medium,External,A.2,LPC Integration,SEMI S234,Pressure Uniformity Test,Provided by vendor,Level 1,35,Custom crate,"RoHS, REACH",-,130.0
42,2026-07-01 08:00:00,PRA-001,77889,Plasma Resonance Analyzer,1,"Aluminum, Glass",Vendor QQ,30000,20 weeks,High,External,A.1,PRA Integration,SEMI S678,Plasma Resonance Frequency Test,Provided by vendor,Level 2,95,Custom crate,"RoHS, REACH",Safety interlocks during operation,180.0
43,2026-08-01 08:00:00,RMS-002,99001,Reactive Mass Spectrometry Module,1,"Titanium, Quartz",Vendor RR,15000,12 weeks,Medium,External,B.1,RMS Integration,SEMI S345,Reactive Ionization Test,Provided by vendor,Level 1,50,Custom packaging,"RoHS, REACH",-,140.0
44,2026-09-01 08:00:00,ACU-002,11223,Acoustic Control Unit,1,"Plastic, Aluminum",Vendor SS,10000,8 weeks,Medium,External,A.3,ACU Integration,SEMI S456,Acoustic Wave Control Test,Provided by vendor,Level 1,25,Custom crate,"RoHS, REACH",-,120.0
45,2026-10-01 08:00:00,SPA-001,33445,Spectroscopic Ellipsometry Module,1,"Silicon, Glass",Vendor TT,28000,22 weeks,High,External,A.2,SPA Integration,SEMI S789,Ellipsometry Accuracy Test,Provided by vendor,Level 2,80,Custom packaging,"RoHS, REACH",Safety interlocks during operation,200.0
46,2026-11-01 08:00:00,CVL-002,55667,Cathode Voltage Limiter,1,"Copper, Ceramic",Vendor UU,22000,15 weeks,High,External,B.2,CVL Integration,SEMI S234,Voltage Limiting Test,Provided by vendor,Level 2,85,Custom crate,"RoHS, REACH",Safety interlocks during operation,190.0
47,2026-12-01 08:00:00,PCS-002,77889,Plasma Control Software System,1,Software,Vendor VV,16000,14 weeks,High,External,A.1,Software Development,ISO 9001,Software Testing,Provided by vendor,Level 1,55,Digital delivery,"RoHS, REACH",Safety interlocks during operation,150.0
48,2027-01-01 08:00:00,RFS-002,99001,Residual Gas Analyzer,1,"Stainless Steel, Glass",Vendor WW,18000,12 weeks,High,External,A.1,RFS Integration,SEMI S567,Gas Composition Analysis,Provided by vendor,Level 1,40,Custom packaging,"RoHS, REACH",-,170.0
49,2027-02-01 08:00:00,DTP-001,11223,Dynamic Temperature Profiler,1,"Inconel, Polyurethane",Vendor XX,25000,18 weeks,High,External,B.1,DTP Integration,SEMI S345,Temperature Profile Test,Provided by vendor,Level 2,110,Custom crate,"RoHS, REACH",-,220.0
50,2027-03-01 08:00:00,LBC-002,33445,Laser Beam Collimation Unit,1,"Aluminum, Optical Glass",Vendor YY,20000,16 weeks,High,External,A.3,LBC Integration,SEMI S456,Beam Collimation Accuracy Test,Provided by vendor,Level 2,75,Custom packaging,"RoHS, REACH",Safety interlocks during operation,160.0
51,2027-04-01 08:00:00,DAS-002,55667,Data Acquisition System,1,Electronic Components,Vendor ZZ,12000,10 weeks,Medium,External,A.2,DAS Integration,SEMI S678,Data Accuracy Test,Provided by vendor,Level 1,35,Custom crate,"RoHS, REACH",-,130.0
52,2027-05-01 08:00:00,SPS-001,77889,Scanning Probe Microscopy System,1,"Ceramic, Silicon",Vendor AAA,30000,20 weeks,High,External,A.1,SPS Integration,SEMI S234,Resolution Test,Provided by vendor,Level 2,95,Custom crate,"RoHS, REACH",Safety interlocks during operation,180.0
53,2027-06-01 08:00:00,GC-002,99001,Gas Chromatography Module,1,"Stainless Steel, Glass",Vendor BBB,15000,12 weeks,Medium,External,B.2,GC Integration,SEMI S567,Separation Efficiency Test,Provided by vendor,Level 1,50,Custom packaging,"RoHS, REACH",-,140.0
54,2027-07-01 08:00:00,HVM-002,11223,High-Voltage Modulator,1,"Copper, Ceramic",Vendor CCC,10000,8 weeks,Medium,External,A.3,HVM Integration,SEMI S789,Voltage Modulation Test,Provided by vendor,Level 1,25,Custom crate,"RoHS, REACH",-,120.0
55,2027-08-01 08:00:00,FTS-001,33445,Fourier Transform Spectrometer Module,1,"Zinc Sulfide, Aluminum",Vendor DDD,28000,22 weeks,High,External,A.2,FTS Integration,SEMI S456,Spectral Resolution Test,Provided by vendor,Level 2,80,Custom packaging,"RoHS, REACH",Safety interlocks during operation,200.0
56,2027-09-01 08:00:00,ION-002,55667,Ion Implantation Module,1,"Titanium, Silicon",Vendor EEE,22000,15 weeks,High,External,B.2,Ion Implantation Process,SEMI S678,Ion Dose Uniformity Test,Provided by vendor,Level 2,85,Custom crate,"RoHS, REACH",Safety interlocks during operation,190.0
57,2027-10-01 08:00:00,EMF-002,77889,Electrostatic Magnetic Field Module,1,"Ferrite, Copper",Vendor FFF,16000,14 weeks,High,External,A.3,EMF Integration,SEMI S234,Magnetic Field Strength Test,Provided by vendor,Level 1,55,Custom crate,"RoHS, REACH",-,150.0
58,2027-11-01 08:00:00,UTS-002,99001,Ultrasonic Testing System,1,"Polyethylene, Aluminum",Vendor XYZ,15000,12 weeks,Medium,External,B.1,Ultrasonic Testing Integration,SEMI S345,Ultrasonic Testing,Provided by vendor,Level 1,50,Custom packaging,"RoHS, REACH",Safety interlocks during operation,140.0
59,2027-12-01 08:00:00,LMP-001,12346,Lamp for Plasma Source,1,Mercury Vapor,Vendor A,1500,6 weeks,Medium,External,A.1,"Lamp Assembly, Testing",ISO 9001,Visual Inspection,Provided by vendor,Level 1,15,Custom packaging,"RoHS, REACH",Safety interlocks during operation,90.0
60,2028-01-01 08:00:00,VSS-002,77890,Vacuum Sealing System,1,Stainless Steel,Vendor B,12000,10 weeks,High,External,A.2,Vacuum Sealing,SEMI S567,Pressure Test,Provided by vendor,Level 1,65,Custom crate,"RoHS, REACH",-,110.0
61,2028-02-01 08:00:00,CLT-001,99002,Coolant Pump for Closed-loop System,1,Plastic,Vendor C,800,4 weeks,Low,External,A.1,Injection Molding,ISO 14001,Performance Test,Provided by vendor,Level 1,5,Custom packaging,"RoHS, REACH",Safety interlocks during maintenance,30.0
62,2028-03-01 08:00:00,GC-003,11224,Gas Cylinder for GC Module,1,"Steel, Brass",Vendor D,3000,8 weeks,Medium,External,A.2,Cylinder Filling,SEMI S234,Pressure Test,Provided by vendor,Level 1,25,Custom crate,"RoHS, REACH",-,50.0
63,2028-04-01 08:00:00,PPS-002,33446,Plasma Power Supply,1,"Copper, Silicon",Vendor E,18000,12 weeks,High,External,A.1,Electronic Assembly,SEMI S345,Electrical Safety Tests,Provided by vendor,Level 2,100,Custom packaging,"RoHS, REACH",Safety interlocks during operation,200.0
64,2028-05-01 08:00:00,CAL-001,55668,Calibration Kit,1,"Aluminum, Glass",Vendor F,2000,6 weeks,Low,External,B.1,Calibration Procedure,ISO 9001,Calibration Tests,Provided by vendor,Level 1,10,Custom packaging,"RoHS, REACH",-,20.0
65,2028-06-01 08:00:00,SPG-001,77890,Pressure Gauge,1,"Stainless Steel, Plastic",Vendor G,500,4 weeks,Low,External,A.3,Pressure Gauge Assembly,ISO 14001,Pressure Calibration,Provided by vendor,Level 1,2,Custom packaging,"RoHS, REACH",Safety interlocks during maintenance,15.0
66,2028-07-01 08:00:00,VAL-002,99002,Valve for Gas Distribution,1,Brass,Vendor H,800,6 weeks,Low,External,B.2,Valve Assembly,ISO 9001,Leak Test,Provided by vendor,Level 1,5,Custom packaging,"RoHS, REACH",-,12.0
67,2028-08-01 08:00:00,FTS-002,11224,Fault Tolerance System,1,Electronic Components,Vendor I,12000,10 weeks,High,External,A.1,Electronic Assembly,SEMI S567,Functional Tests,Provided by vendor,Level 2,50,Custom crate,"RoHS, REACH",Safety interlocks during operation,120.0
68,2028-09-01 08:00:00,MSI-001,33446,Mass Spectrometer Interface,1,"Aluminum, Glass",Vendor J,2500,8 weeks,Medium,External,A.2,MSI Integration,SEMI S678,Mass Spectrometry Test,Provided by vendor,Level 1,15,Custom packaging,"RoHS, REACH",-,40.0
69,2028-10-01 08:00:00,TES-002,55668,Thermal Evaporation Source,1,Tungsten,Vendor K,3000,6 weeks,Medium,External,B.1,Thermal Evaporation Process,SEMI S234,Evaporation Rate Test,Provided by vendor,Level 1,30,Custom packaging,"RoHS, REACH",Safety interlocks during operation,80.0
70,2028-11-01 08:00:00,CCM-001,77890,Chiller for Cooling System,1,Plastic,Vendor L,10000,12 weeks,High,External,A.3,Chiller Assembly,SEMI S345,Cooling Efficiency Test,Provided by vendor,Level 1,70,Custom crate,"RoHS, REACH",Safety interlocks during maintenance,150.0
71,2028-12-01 08:00:00,RMS-003,99002,Remote Monitoring System,1,"Electronic Components, Plastic",Vendor M,8000,8 weeks,Medium,External,A.1,RMS Integration,SEMI S456,Remote Monitoring Tests,Provided by vendor,Level 1,35,Custom packaging,"RoHS, REACH",-,60.0
72,2029-01-01 08:00:00,GSU-001,11224,Gas Supply Unit,1,Stainless Steel,Vendor N,5000,10 weeks,High,External,A.2,Gas Supply System Assembly,SEMI S567,Gas Flow Stability Test,Provided by vendor,Level 2,45,Custom crate,"RoHS, REACH",Safety interlocks during operation,100.0
73,2029-02-01 08:00:00,HPS-002,33446,High-Pressure System,1,"Steel, Plastic",Vendor O,6000,12 weeks,High,External,A.1,HPS Integration,SEMI S678,Pressure Test,Provided by vendor,Level 1,55,Custom packaging,"RoHS, REACH",-,110.0
74,2029-03-01 08:00:00,TSP-002,55668,Thermal Stability Probe,1,"Copper, Ceramic",Vendor P,1200,6 weeks,Low,External,B.1,Thermal Probe Assembly,ISO 9001,Thermal Stability Tests,Provided by vendor,Level 1,8,Custom packaging,"RoHS, REACH",-,15.0
75,2029-04-01 08:00:00,EMC-003,77890,Electromagnetic Coil,1,Copper,Vendor Q,2500,8 weeks,Medium,External,A.3,Coil Assembly,SEMI S567,Electromagnetic Compatibility Test,Provided by vendor,Level 1,20,Custom crate,"RoHS, REACH",Safety interlocks during maintenance,40.0
76,2029-05-01 08:00:00,LDP-002,99002,Liquid Delivery System,1,Stainless Steel,Vendor R,8000,10 weeks,High,External,A.1,LDS Assembly,SEMI S234,Flow Rate Test,Provided by vendor,Level 2,80,Custom crate,"RoHS, REACH",Safety interlocks during operation,160.0
77,2029-06-01 08:00:00,ACP-001,11224,Atmospheric Control Panel,1,Aluminum,Vendor S,4500,12 weeks,High,External,A.2,ACP Integration,SEMI S345,Atmospheric Control Tests,Provided by vendor,Level 2,60,Custom crate,"RoHS, REACH",Safety interlocks during maintenance,90.0
78,2029-07-01 08:00:00,FCM-002,33446,Flow Control Module,1,Stainless Steel,Vendor T,3000,8 weeks,Medium,External,A.1,FCM Assembly,ISO 14001,Flow Control Tests,Provided by vendor,Level 1,25,Custom packaging,"RoHS, REACH",-,50.0
79,2029-08-01 08:00:00,PSD-002,55668,Pressure Sensing Device,1,Ceramic,Vendor U,1500,6 weeks,Low,External,B.2,Sensing Device Assembly,SEMI S567,Pressure Calibration,Provided by vendor,Level 1,5,Custom packaging,"RoHS, REACH",-,10.0
80,2029-09-01 08:00:00,RTS-001,77890,Remote Tuning System,1,Electronic Components,Vendor V,12000,10 weeks,High,External,A.3,RTS Integration,SEMI S678,Remote Tuning Tests,Provided by vendor,Level 1,50,Custom crate,"RoHS, REACH",Safety interlocks during operation,120.0
81,2029-10-01 08:00:00,LVD-001,99002,Liquid Vaporizer Device,1,Stainless Steel,Vendor W,2000,6 weeks,Low,External,A.1,LVD Assembly,ISO 9001,Vaporization Rate Test,Provided by vendor,Level 1,15,Custom packaging,"RoHS, REACH",-,30.0
82,2029-11-01 08:00:00,APS-002,11224,Atmospheric Pressure Sensor,1,Ceramic,Vendor X,1000,4 weeks,Low,External,A.2,Sensor Integration,SEMI S345,Pressure Calibration,Provided by vendor,Level 1,3,Custom packaging,"RoHS, REACH",Safety interlocks during maintenance,8.0
83,2029-12-01 08:00:00,GDU-002,33446,Gas Delivery Unit,1,Stainless Steel,Vendor Y,6000,8 weeks,High,External,A.3,GDU Assembly,SEMI S567,Gas Flow Stability Test,Provided by vendor,Level 2,35,Custom crate,"RoHS, REACH",Safety interlocks during operation,70.0
84,2030-01-01 08:00:00,HVS-001,55668,High-Voltage Supply,1,Electronic Components,Vendor Z,18000,12 weeks,High,External,A.1,Electronic Assembly,SEMI S234,High-Voltage Tests,Provided by vendor,Level 2,80,Custom packaging,"RoHS, REACH",-,150.0
85,2030-02-01 08:00:00,VLC-002,77890,Vacuum Leak Checker,1,Plastic,Vendor A,2500,6 weeks,Low,External,B.1,Leak Checker Assembly,ISO 14001,Leak Test,Provided by vendor,Level 1,10,Custom packaging,"RoHS, REACH",-,20.0
86,2030-03-01 08:00:00,PWM-001,99002,Pulse Width Modulation Controller,1,Electronic Components,Vendor B,3000,4 weeks,Medium,External,A.2,Controller Assembly,SEMI S567,Functional Tests,Provided by vendor,Level 1,15,Custom packaging,"RoHS, REACH",Safety interlocks during maintenance,30.0
87,2030-04-01 08:00:00,CPS-002,11224,Coolant Purification System,1,"Plastic, Stainless Steel",Vendor C,10000,10 weeks,High,External,A.3,CPS Integration,SEMI S678,Purification Efficiency Test,Provided by vendor,Level 1,70,Custom crate,"RoHS, REACH",Safety interlocks during operation,120.0
88,2030-05-01 08:00:00,CSU-001,33446,Control System Unit,1,Electronic Components,Vendor D,12000,12 weeks,High,External,A.1,CSU Integration,SEMI S345,Control System Tests,Provided by vendor,Level 2,50,Custom crate,"RoHS, REACH",-,100.0
89,2030-06-01 08:00:00,TCU-002,55668,Thermal Control Unit,1,Electronic Components,Vendor E,2000,6 weeks,Low,External,A.2,TCU Integration,SEMI S567,Thermal Control Tests,Provided by vendor,Level 1,15,Custom packaging,"RoHS, REACH",-,40.0
90,2030-07-01 08:00:00,HFS-001,77890,High-Flow Sampling System,1,Stainless Steel,Vendor F,3000,8 weeks,Medium,External,A.3,Sampling System Assembly,ISO 9001,Flow Rate Test,Provided by vendor,Level 1,25,Custom crate,"RoHS, REACH",Safety interlocks during maintenance,50.0
91,2030-08-01 08:00:00,LID-002,99002,Lid for Process Chamber,1,Stainless Steel,Vendor G,800,6 weeks,Low,External,B.2,Lid Assembly,SEMI S234,Vacuum Seal
92,2029-05-01 08:00:00,LSM-002,55668,Laser Spectroscopy Module,1,"Quartz, Aluminum",Vendor RR,22000,15 weeks,High,External,A.2,LSM Integration,SEMI S678,Spectral Analysis Test,Provided by vendor,Level 2,85,Custom crate,"RoHS, REACH",Safety interlocks during operation,190.0
93,2029-06-01 08:00:00,CCD-003,77890,Charge-Coupled Device Camera,1,"Silicon, Plastic",Vendor SS,16000,14 weeks,Medium,External,B.2,CCD Integration,SEMI S234,Image Resolution Test,Provided by vendor,Level 1,55,Custom packaging,"RoHS, REACH",-,150.0
94,2029-07-01 08:00:00,PLD-001,99002,Pulsed Laser Deposition Unit,1,"Ceramic, Titanium",Vendor TT,18000,12 weeks,High,External,A.3,PLD Integration,SEMI S345,Deposition Uniformity Test,Provided by vendor,Level 1,40,Custom crate,"RoHS, REACH",Safety interlocks during operation,170.0
95,2029-08-01 08:00:00,FTIR-002,11224,Fourier Transform Infrared Spectroscopy Module,1,"Zinc Sulfide, Aluminum",Vendor UU,15000,12 weeks,High,External,A.1,FTIR Spectroscopy Integration,SEMI S567,Spectral Analysis Test,Provided by vendor,Level 2,80,Custom packaging,"RoHS, REACH",Safety interlocks during operation,200.0
96,2029-09-01 08:00:00,ESR-002,33446,Electron Spin Resonance Module,1,"Silicon, Copper",Vendor VV,20000,16 weeks,High,External,B.2,ESR Integration,SEMI S678,Resonance Frequency Test,Provided by vendor,Level 2,85,Custom crate,"RoHS, REACH",Safety interlocks during operation,190.0
97,2029-10-01 08:00:00,EMS-002,55668,Electron Microscopy System,1,"Titanium, Glass",Vendor WW,18000,14 weeks,Medium,External,A.3,EMS Integration,SEMI S234,Resolution Test,Provided by vendor,Level 1,60,Custom packaging,"RoHS, REACH",-,170.0
98,2029-11-01 08:00:00,PAS-002,77890,Photoacoustic Spectroscopy Module,1,"Quartz, Plastic",Vendor XX,15000,12 weeks,High,External,A.1,PAS Integration,SEMI S345,Spectral Analysis Test,Provided by vendor,Level 2,75,Custom crate,"RoHS, REACH",Safety interlocks during operation,180.0
99,2029-12-01 08:00:00,CST-001,99002,Coating and Sputtering Tool,1,"Stainless Steel, Aluminum",Vendor YY,22000,18 weeks,High,External,B.2,Coating and Sputtering,SEMI S567,Coating Uniformity Test,Provided by vendor,Level 2,90,Custom packaging,"RoHS, REACH",Safety interlocks during operation,220.0
100,2030-01-01 08:00:00,IMS-002,11224,Ion Milling System,1,"Aluminum, Quartz",Vendor ZZ,25000,20 weeks,High,External,A.3,IMS Integration,SEMI S678,Milling Efficiency Test,Provided by vendor,Level 2,95,Custom crate,"RoHS, REACH",Safety interlocks during operation,200.0
